Judul,Penulis,Terbit
Mathematical model for MERS-COV disease transmission with medical mask usage and vaccination,"M Manaqib, I Fauziah, M Mujiyanti","InPrime: Indonesian Journal of Pure and Applied Mathematics 1 (2), 97-109, 2019"
Pemodelan Matematika Infiltrasi Air pada Saluran Irigasi Alur,M Manaqib,"J. Mat.‚ÄúMANTIK 3 (1), 25, 2017"
Model matematika penyebaran penyakit pulmonary tuberculosis dengan penggunaan masker medis,"N Inayah, M Manaqib, N Fitriyati, I Yupinto","Barekeng: Jurnal Ilmu Matematika dan Terapan 14 (3), 461-472, 2020"
Model matematika penyebaran COVID-19 dengan penggunaan masker kesehatan dan karantina,"M Manaqib, I Fauziah, E Hartati","Jambura Journal of Biomathematics (JJBM) 2 (2), 68-79, 2021"
Dual Reciprocity Boundary Element Method untuk menyelesaikan Masalah Infiltrasi Air pada Saluran Irigasi Alur,"M Manaqib, I Solekhudin","Proceeddings of Seminar Matematika dan Pendidikan Matematika UNY, 2017"
Analisis model matematika penyebaran penyakit COVID-19 dengan lockdown dan karantina,"M Manaqib, M Azizah, S Pratiwi, RA Maulana","BAREKENG: Jurnal Ilmu Matematika Dan Terapan 15 (3), 479-492, 2021"
Analysis Infiltration Waters in Various Forms of Irrigation Channels by Using Dual Reciprocity Boundary Element Method,"IF Ana Nurhasanah, Muhammad Manaqib","Jurnal Matematika MANTIK 6 (1), 52-64, 2020"
Boundary element method untuk menyelesaikan masalah syarat batas persamaan Laplace dimensi dua,M Manaqib,"LOGIK@ 7 (2), 122-136, 2017"
"Operator Solusi Model Fluida Termampatkan Tipe Korteweg Dengan Kondisi Batas Slip di Half-Space Kasus Koefisien ((Œº+ ŒΩ)/(2 Œ∫))^ 2-(1/Œ∫)> 0, Œ∫= Œº ŒΩ, Œº‚â† ŒΩ","S Inna, I Fauziah, M Manaqib, PM Putri","Limits: Journal of Mathematics and Its Applications 20 (2), 191-208, 2023"
DUAL RECIPROCITY BOUNDARY ELEMENT METHOD UNTUK MENYELESAIKAN MASALAH ILFILTRASI SALURAN IRIGASI ALUR DI DALAM BEBERAPA JENIS TANAH HOMOGEN,M Manaqib,"Universitas Gadjah Mada, 2015"
"Mathematical Model and Simulation of the Spread of COVID-19 with Vaccination, Implementation of Health Protocols, and Treatment","M Manaqib, M Mahmudi, G Prayoga","Jambura Journal of Biomathematics (JJBM) 4 (1), 69-79, 2023"
Implementation of the model capacited vehicle routing problem with time windows with a goal programming approach in determining the best route for goods distribution,"W Irawan, M Manaqib, N Fitriyati","Jurnal Matematika, Statistika Dan Komputasi 17 (2), 231-239, 2021"
Pemodelan matematika penyebaran penyakit Middle East Respiratory Syndrome Corona Virus (MERS-CoV) dengan penggunaan masker kesehatan dan vaksinasi,"I Fauziah, M Manaqib","Fakultas Sains dan Teknologi Universitas Islam Negeri Syarif Hidayatullah¬†‚Ä¶, 2020"
Penyelesaian masalah syarat batas persamaan Helmhotz menggunakan dual reciprocity boundary element method,M Manaqib,"LOGIK@ 8 (2), 115-132, 2018"
"Model Matematika Penyakit Kolera Melalui Kontak Antar Individu, Sumber Air, dan Lalat","M Manaqib, F Irma, BF Apriyanto","Vygotsky: Jurnal Pendidikan Matematika dan Matematika 4 (2), 79-92, 2022"
Mathematical model of three species food chain with intraspecific competition and harvesting on predator,"M Manaqib, A Zahra","BAREKENG: Jurnal Ilmu Matematika dan Terapan 16 (2), 551-562, 2022"
Furrow irrigation infiltration in various soil types using dual reciprocity boundary element method,"N Inayah, M Manaqib, WN Majid","AIP Conference Proceedings 2329 (1), 2021"
Penentuan gen data microarray kanker payudara menggunakan metode support vector machine recursive feature elimination,HD Febriyaningtyas,"Fakultas Sains dan Teknologi Universitas Islam Negeri Syarif Hidayatullah¬†‚Ä¶, 2019"
Multi-Objective Vehicle Routing Problem With Times Windows Dengan Pendekatan Goal Programming Untuk Menyelesaikan Masalah Optimisasi Rute Perjalanan Bus Pariwisata,"M Manaqib, RD Pantoro","Sainstek: Jurnal Sains dan Teknologi 9 (1), 76-84, 2018"
OPTIMISASI RUTE PERJALANAN BUS PARIWISATA MENGGUNAKAN MULTI-OBJECTIVE VEHICLE ROUTING PROBLEM WITH TIMES WINDOWS DENGAN PENDEKATAN GOAL PROGRAMMING,"M Manaqib, RD Pantoro","LOGIK@ 8 (1), 1-10, 2018"
ANALYSIS OF THE COVID-19 EPIDEMIC MODEL WITH SELF-ISOLATION AND HOSPITAL ISOLATION,"M Manaqib, TN Padilah, I Maulana","BAREKENG: Jurnal Ilmu Matematika dan Terapan 17 (4), 2147-2160, 2023"
MATHEMATICAL MODEL OF MEASLES DISEASE SPREAD WITH TWO-DOSE VACCINATION AND TREATMENT,"M Manaqib, AK Yuliawati, DU Zulkifli","Journal of Fundamental Mathematics and Applications (JFMA) 6 (2), 209-223, 2023"
"Model Matematika COVID-19 dengan Vaksinasi Dua Tahap, Karantina, dan Pengobatan Mandiri","M Manaqib, M Mahmudi, RA Salsadilla","Limits: Journal of Mathematics and Its Applications 20 (3), 255-273, 2023"
Relation Classification in Scientific Article Abstracts using SciBERT with Entity Marker,"N Inayah, M Liebenlito, N Fitriyati, M Manaqib, N Aryanti","2023 11th International Conference on Cyber and IT Service Management (CITSM¬†‚Ä¶, 2023"
ANALISIS REGRESI LOGISTIK ORDINAL TERHADAP FAKTOR-FAKTOR YANG MEMPENGARUHI WAKTU TUNGGU KERJA ALUMNI MATEMATIKA FST UIN SYARIF HIDAYATULLAH JAKARTA,"S Inna, D Mariana, M Mahmudi, M Manaqib","SIGMA 8 (2), 75-83, 2023"
MODEL MATEMATIKA TRANSMISI HUMAN PAPILLOMAVIRUS (HPV) PADA PENYAKIT KANKER SERVIKS,"M Manaqib, I Fauziah, WT Asih","Jurnal Matematika UNAND 11 (4), 230-245, 2022"
"Mathematics Model of COVID-19 with Two-Stage Vaccination, Symptomatic, Asymptomatic, and Quarantine Individuals","N Inayah, M Manaqib, MF Fadillah","CAUCHY: Jurnal Matematika Murni dan Aplikasi 7 (3), 370-383, 2022"
Mathematical model of Ebola virus disease through human transmission and bat transmission,"S Suma‚Äôinna, M Manaqib, MA Silvani","AIP Conference Proceedings 2498 (1), 2022"
"Mathematical model of cholera disease through individuals contact, water resources, fly and fish vectors","S Suma‚Äôinna, M Manaqib, N Farhana","AIP Conference Proceedings 2498 (1), 2022"
Operator Solusi Model Fluida Termampatkan Tipe Korteweg Dengan Kondisi Batas Slip di Half-Space Kasus Koefisien,"S Inna, I Fauziah, M Manaqib, PM Putri",
PEMODELAN,M Manaqib,
Penyelesaian masalah infiltrasi saluran irigasi alur dengan root water uptake menggunakan dual reciprocity boundary element method dengan skema prediktor-korektor,VD Samudra,"Fakultas Sains dan Teknologi Universitas Islam Negeri Syarif Hidayatullah¬†‚Ä¶, 0"
Analisis Kestabilan Mangsa Pemangsa Di Lingkungan Beracun,PS Kinasih,"Fakultas Sains dan Teknologi UIN Syarif Hidayatullah Jakarta, 0"
Implementasi model capacitated vehicle routing problem with time windows dengan pendekatan goal programming pada penentuan rute terbaik distribusi barang studi kasus pada¬†‚Ä¶,W Irawan,"Fakultas Sains dan Teknologi UIN Syarif Hidayatullah Jakarta, 0"
Model matematika penyebaran penyakit Covid-19 dengan penggunaan masker kesehatan dan karantina,"I Fauziah, M Manaqib","Fakultas Sains dan Teknologi Universitas Islam Negeri Syarif Hidayatullah¬†‚Ä¶, 0"
Model matematika rantai makanan tiga spesies dengan persaingan intraspesifik dan pemanenan pada predator,A Zahra,"Fakultas Sains dan Teknologi Universitas Islam Negeri Syarif Hidayatullah¬†‚Ä¶, 0"
Perbandingan karakteristik infiltrasi air irigasi alur dalam berbagai jenis tanah menggunakan dual reciprocity boundary element method,WN Majid,"Fakultas Sains dan Teknologi Universitas Islam Negeri Syarif Hidayatullah¬†‚Ä¶, 0"
Sequential topic modelling: A case study on indonesian lgbt conversation on twitter,"A Arslina, M Liebenlito","InPrime: Indonesian Journal of Pure and Applied Mathematics 1 (1), 17-31, 2019"
Classification of tuberculosis and pneumonia in human lung based on chest x-ray image using convolutional neural network,"M Liebenlito, Y Irene, A Hamid","InPrime: Indonesian Journal of Pure and Applied Mathematics 2 (1), 24-32, 2020"
Classification of falciparum parasite in human red blood cells using randomly wired neural network,"N Inayah, M Liebenlito, N Fitriyati, K Monardo","2020 8th International Conference on Cyber and IT Service Management (CITSM¬†‚Ä¶, 2020"
Modified firefly algorithm using smallest position value for job-shop scheduling problems,"M Liebenlito, N Inayah, AN Rahmah, A Widiatmoko","Proceedings of the International Conference on Mathematics and Islam, 23-27, 2018"
Modified self-attentive bi-directional long-short term memory for detecting clickbait in Indonesian news headline,"M Liebenlito, I Ivansyah, MY Wijaya, RF Suwarman","AIP Conference Proceedings 3049 (1), 2024"
Deteksi Clickbait pada Judul Berita Online Berbahasa Indonesia Menggunakan FastText,"M Liebenlito, AA Yesinta, MIS Musti","Journal of Applied Computer Science and Technology 5 (1), 56-62, 2024"
Solusi Model Navier Stokes Korteweg dengan Syarat Batas Slip di Half-Space Berdimensi 3,"A Salsabila, S Inna, M Liebenlito, R Purnomowati","MAJAMATH: Jurnal Matematika dan Pendidikan Matematika 7 (1), 24-43, 2024"
Analisis Tweet Politik-Keagamaan pada Hasil Pemilihan Presiden Indonesia tahun 2014 dan 2019: Sebuah Studi Eksploratif,"PD Zain, TE Sutanto, M Liebenlito","Indonesian Journal of Computer Science 13 (1), 2024"
"Perbandingan Deteksi Alzheimer: ViT, CNN dan ViT dengan Bobot pada Citra Medis","AN Salsabila, M Liebenlito, DU Zulkifli","Indonesian Journal of Computer Science 13 (1), 2024"
Active learning on Indonesian Twitter sentiment analysis using uncertainty sampling,"M Liebenlito, N Inayah, E Choerunnisa, TE Sutanto, S Inna","Journal of Applied Data Sciences 5 (1), 114-121, 2024"
Perbandingan Model Klasifikasi Transfer Learning Convolutional Neural Network Tumor Otak menggunakan Citra Magnetic Resonance Imaging,"N Pratama, M Liebenlito, Y Irene","Jurnal Sehat Indonesia (JUSINDO) 6 (01), 308-318, 2024"
Efektivitas Variabel Demografi Pengguna Twitter dalam Prediksi Pilpres Indonesia 2014 dan 2019,"MM Effendy, TE Sutanto, M Liebenlito","Indonesian Journal of Computer Science 12 (6), 2023"
Relation Classification in Scientific Article Abstracts using SciBERT with Entity Marker,"N Inayah, M Liebenlito, N Fitriyati, M Manaqib, N Aryanti","2023 11th International Conference on Cyber and IT Service Management (CITSM¬†‚Ä¶, 2023"
Deteksi Kepribadian MBTI pada Diskusi Agama Islam di Twitter Indonesia 2009-2019,"NA Fitri, TE Sutanto, M Liebenlito","Indonesian Journal of Computer Science 12 (5), 2023"
IMPLEMENTASI METODE VIOLA JONES UNTUK MENDETEKSI WAJAH MANUSIA,"M Mahmudi, K Kusrini","Jurnal Informa: Jurnal Penelitian dan Pengabdian Masyarakat 5 (1), 54-60, 2019"
"ANALISIS KETELITIAN DEM ASTER GDEM, SRTM, DAN LIDAR UNTUK IDENTIFIKASI AREA PERTANIAN TEBU BERDASARKAN PARAMETER KELERENGAN (Studi Kasus: Distrik Tubang, Kabupaten Merauke¬†‚Ä¶","M Mahmudi, S Subiyanto, B Darmo Yuwono, Y Prasetyo, A Sukmono","Universitas Diponegoro, 2015"
The Effect of Sharia Governance and Customer Relationship Marketing on Muzakki Loyalty,"M Mahmudi, RL Prastmawati","AKRUAL: Jurnal Akuntansi 12 (1), 1-17, 2020"
Fit of the 2011 Indonesian Mortality Table to Gompertz's and Makeham's Law using Maximum Likelihood Estimation,"DA Putra, N Fitriyati, M Mahmudi","InPrime: Indonesian Journal of Pure and Applied Mathematics 1 (2), 68-76, 2019"
Eksplorasi Jenis‚ÄìJenis Zingiberaceae Di Cagar Alam Raya Pasi Gunung Poteng Kota Singkawang Kalimantan Barat,"M Mahmudi, MS Anwari, W Wahdina","Jurnal Hutan Lestari 8 (2), 2020"
Calculation and Management of Premium Funds in Sharia Insurance based on Langevin Type Model of Return on Investment,"K Khotimah, M Mahmudi, N Fitriyati","InPrime: Indonesian Journal of Pure and Applied Mathematics 1 (2), 128-135, 2019"
TANGGAP LAJU PERTUMBUHAN RELATIF DAN LAJU ASIMILASI BERSIH TANAMAN PADI PADA PENGATURAN KADAR AIR TANAH YANG BERBEDA DENGAN PEMBERIAN MIKORIZA,"M Mahmudi, I Sasli, TH Ramadhan","Jurnal Pertanian Agros 24 (2), 988-996, 2022"
Analisis Perbandingan Metode AHP dan AHP-Electre Pada Seleksi Karyawan (Studi Kasus PT. Gawih Jaya Banjarmasin),"M Mahmudi, K Kusrini, H Henderi","Seminar Nasional Teknologi Komputer & Sains (SAINTEKS) 1 (1), 2019"
Analisis usabilitas sistem informasi driver PT. Gojek Indonesia berdasarkan pendekatan evaluasi usability heuristik,"D Hardan, AP Kristianto, M Mahmudi, H Henderi","Semnasteknomedia Online 6 (1), 1-8-43, 2018"
Implementasi Metode Gap Kompetensi Untuk Pemilihan Jenis Tanaman,"M Mahmudi, K Kusrini","Jurnal Informa: Jurnal Penelitian dan Pengabdian Masyarakat 5 (3), 18-22, 2019"
Sistem Validator Kecelakaan Lalu Lintas Menggunakan Black Box pada Kendaraan,"A Srirahayu, AP Kristianto, DH Gutama, M Mahmudi, NAR Rais","DutaCom 13 (1), 73-84, 2017"
The Analysis of Entrepreneurial Leaders on Local Government Performance: Indonesian Evidence,M MAHMUDI,"The Indonesian Journal of Accounting Research 13 (3), 2010"
Perbandingan Metode C-Means dan Fuzzy C-Means Pada Pengelompokan Kabupaten/Kota Di Kalimantan Berdasarkan Indikator IPM Tahun 2019,"M Mahmudi, R Goejantoro, FDT Amijaya","EKSPONENSIAL 12 (2), 193-200, 2021"
APLIKASI MODEL GSTAR-I DENGAN PENDEKATAN INVERS MATRIKS AUTOKOVARIANS (IMAk) PADA PRAKIRAAN CURAH HUJAN DI PROVINSI BANTEN,"S Maliska, N Fitriyati","LOGIK@ 7 (1), 73-85, 2017"
ANALISIS LAJU PREDIKSI INFLASI DI INDONESIA: PERBANDINGAN MODEL GARCH/ARCH DENGAN LONG SHORT TERM MEMORY,"A Mutiara, N Fitriyati, M Mahmudi","Jurnal Lebesgue: Jurnal Ilmiah Pendidikan Matematika, Matematika dan¬†‚Ä¶, 2024"
"ANALISIS MANAJEMEN KEPEMIMPINAN TERHADAP MOTIVASI KERJA KARYAWAN PADA PT. LAZ COAL MANDIRI (LCM) KINTAP, TANAH LAUT","M Mahmudi, S Syahrani, R Rina","Proceeding: Islamic University of Kalimantan, 2023"
ANALISIS REGRESI LOGISTIK ORDINAL TERHADAP FAKTOR-FAKTOR YANG MEMPENGARUHI WAKTU TUNGGU KERJA ALUMNI MATEMATIKA FST UIN SYARIF HIDAYATULLAH JAKARTA,"S Inna, D Mariana, M Mahmudi, M Manaqib","SIGMA 8 (2), 75-83, 2023"
Forecasting Indonesian inflation using a hybrid ARIMA-ANFIS,"N Fitriyati, M Mahmudi, MY Wijaya, M Maysun","Desimal: Jurnal Matematika 5 (3), 289-304, 2022"
INTERPOLASI KANDUNGAN FLUORIDA PADA AIR TANAH DI DKI JAKARTA MENGGUNAKAN METODE MEDIAN POLISH KRIGING,"E Nurmaidah, M Mahmudi","LOGIK@ 8 (2), 103-114, 2018"
PENDETEKSIAN KRISIS KEUANGAN DI INDONESIA MENGGUNAKAN MODEL MARKOV SWITCHING AUTOREGRESSIVE CONDITIONAL HETEROSKEDASTICITY (SWARCH) BERDASARKAN INDIKATOR HARGA MINYAK MENTAH,EP Machfudhoh,"LOGIK@ 7 (2), 112-121, 2017"
Translator's Interference in Using Punctuation Marks in Translating Jakarta Undercover from Indonesian to English,M Mahmudi,"STBA LIA, 2006"
Abelian property of the category of U-complexes,"G Elfiyanti, I Muchtadi-Alamsyah, D Nasution, U Amartiwi","International Journal of Mathematical Analysis 10 (17), 849-853, 2016"
On the category of weakly U-complexes,"G Elfiyanti, I Muchtadi-Alamsyah, F Yuliawan, D Nasution","European Journal of Pure and Applied Mathematics 13 (2), 323-345, 2020"
Sifat aditif kategori homotopi kompleks-U,G Elfiyanti,"LOGIK@ 6 (1), 62-70, 2016"
Derived Category of Weakly  U-Complex,"F Yuliawan, I Mucthadi-Alamsyah, V Pratama, G Elfiyanti","U, 0"
"Rantai Kompleks, U-Kompleks, dan (U, U‚Äô)-Pemetaan dari ‚Ñ§n","U Amartiwi, G Elfiyanti",
Analisis Peningkatan Kualitas Pelayanan dengan Quality Function Deployment (QFD) pada Laboratorium Matematika Pusat Laboratorium Terpadu,"Y Irene, B Ruswandi","Jurnal Matematika Integratif 9 (2), 147-60, 2013"
"World Gold Price Forecast using APARCH, EGARCH and TGARCH Model","Y Irene, MY Wijaya, A Muhayani","InPrime: Indonesian Journal of Pure and Applied Mathematics 2 (2), 71-78, 2020"
Classification of tuberculosis and pneumonia in human lung based on chest x-ray image using convolutional neural network,"M Liebenlito, Y Irene, A Hamid","InPrime: Indonesian Journal of Pure and Applied Mathematics 2 (1), 24-32, 2020"
"On rainbow connection and strong rainbow connection number of amalgamation of prism graph P3, 2","CDR Palupi, W Aribowo, Y Irene, I Hasanah","Journal Of Physics: Conference Series 1008 (1), 012052, 2018"
Rainbow connection number on amalgamation of general prism graph,"RH Yandera, Y Irene, W Aribowo","InPrime: Indonesian Journal of Pure and Applied Mathematics 1 (1), 40-47, 2019"
RAINBOW CONNECTION NUMBER DAN STRONG RAINBOW CONNECTION NUMBER PADA SHACKLE GRAF ANTIPRISMA,"D Andira, Y Irene, I Hasanah",
"PELABELAN TOTAL SISI (a, d) ANTIAJAIB SUPER PADA GRAF P_3 U P_n",Y Irene,"LOGIK@ 6 (2), 152-160, 2016"
"PELABELAN TOTAL (a, d)-C_3-ANTIAJAIB SUPER PADA GRAF ULAR S_n","L Rezekina, N Inayah, Y Irene","LOGIK@ 6 (1), 42-52, 2016"
"On Super (a, d)-C_3-Antimagic Total Labeling of Dutch Windmill Graph D_3^ m","Y Irene, M Mahmudi, N Nurmaleni","Mathline: Jurnal Matematika dan Pendidikan Matematika 9 (1), 189-204, 2024"
Perbandingan Model Klasifikasi Transfer Learning Convolutional Neural Network Tumor Otak menggunakan Citra Magnetic Resonance Imaging,"N Pratama, M Liebenlito, Y Irene","Jurnal Sehat Indonesia (JUSINDO) 6 (01), 308-318, 2024"
Trajectory of life expectancy and its relation with socio-economic indicators among developing countries in Southeast Asian,"MY Wijaya, Y Irene, I Rachadi","Proceedings of The International Conference on Data Science and Official¬†‚Ä¶, 2023"
Application Bootstrap to Estimate the Confidence Intervals of NO2 Levels in the Kriging Method,"N Fitriyati, Y Irene, A Benita","Jurnal EurekaMatika 11 (2), 121-132, 2023"
"PELABELAN TOTAL TITIK (a, d)-ANTIAJAIB PADA GRAF HARARY C_n^ t DAN rC_n^ t","F Ariesa, Y Irene","LOGIK@ 7 (1), 41-45, 2017"
PELABELAN TOTAL SISI-AJAIB SUPER PADA GRAF P_3‚à™ P_n,Y Irene,"LOGIK@ 6 (1), 23-31, 2016"
"Pelabelan Total (ùíÇ, ùíÖ)-ùë™ùüë-Antiajaib Super pada Graf Ular ùíéùë∫ùíè","N Inayah, Y Irene","Fakultas Sains dan Teknologi UIN Syarif Hidayatullah Jakarta, 0"
Kombinasi persyaratan Karush Kuhn Tucker dan Metode Branch and Bound pada pemrograman kuadratik konveks bilangan Bulat Murni,"Y Irene, M Liebenlito","Fakultas Sains dan Teknologi UIN Syarif Hidayatullah Jakarta, 0"
Distribusi Gamma-Half Cauchy,"Y Irene, MS Mahmudi","Fakultas Sains dan Teknologi UIN Syarif Hidayatullah Jakarta, 0"
Aplikasi pencarian lintasan terpendek menggunakan algoritma floyd-warshall studi kasus di Kota Bandung,"Y Irene, H Maulana","Fakultas Sains dan Teknologi UIN Syarif Hidayatullah Jakarta, 0"
Batas atas bilangan dominasi sisi pada graf bunga matahari (SFn),"Y Irene, W Aribowo","Fakultas Sains dan Teknologi Universitas Islam Negeri Syarif Hidayatullah¬†‚Ä¶, 0"
Peramalan curah hujan ekstrim menggunakan distribusi generalized extreme value Studi Kasus: Intensitas Curah Hujan Kota Semarang Tahun 2001-2012,"N Fitriyati, Y Irene","Fakultas Sains dan Teknologi UIN Syarif Hidayatullah Jakarta, 0"
Pengenalan Citra Wajah Sebagai Identifier Menggunakan Metode Principal Component Analysis (PCA),"A Budi, H Maulana","Jurnal Teknik Informatika 9 (2), 2016"
Half-space model problem for a compressible fluid model of Korteweg type with slip boundary condition,"S Inna, S Maryani, H Saito","Journal of physics: Conference series 1494 (1), 012014, 2020"
Implementasi Transformasi Wavelet Daubechies pada Kompresi Citra Digital,"S Suma‚Äôinna, G Gumilar","J. Mat. Murni dan Apl 2 (4), 211, 2013"
Kompresi Citra Berwarna Menggunakan Transformasi Wavelet,DA Suma‚Äôinna,"Jurnal Matematika Integratif ISSN 1412, 6184, 2014"
"Operator Solusi Model Fluida Termampatkan Tipe Korteweg Dengan Kondisi Batas Slip di Half-Space Kasus Koefisien ((Œº+ ŒΩ)/(2 Œ∫))^ 2-(1/Œ∫)> 0, Œ∫= Œº ŒΩ, Œº‚â† ŒΩ","S Inna, I Fauziah, M Manaqib, PM Putri","Limits: Journal of Mathematics and Its Applications 20 (2), 191-208, 2023"
Local Solvability for a Compressible Fluid Model of Korteweg Type on General Domains,"S Inna, H Saito","Mathematics 11 (10), 2368, 2023"
Optimasi rute kendaraan dengan kapasitas mengunakan modifikasi algoritma artificial bee colony,MZ Alam,"UIN Syarif Hidayatullah Jakarta: Fakultas Sains dan Teknologi, 2013, 2013"
Lateral stability control of LAPAN missile using incremental-based model reference adaptive control,"A Istiqomah, S Suma'inna, A Riyadl, RA Duhri, IE Putro","AIP Conference Proceedings 2366 (1), 2021"
On some nonlinear problem for the thermoplate equations,"H Saito, Y Shibata","American Institute of Mathematical Sciences, 2019"
Perbandingan model fungsi transfer dan arima: studi kasus model antara curah hujan dengan kelembaban udara,C Aprialis,"UIN Syarif Hidayatullah Jakarta: Fakultas Sains dan Teknologi, 2010, 2010"
The existence of R R‚Äêbounded solution operator for Navier‚ÄìStokes‚ÄìKorteweg model with slip boundary conditions in half space,S Inna,"Mathematical Methods in the Applied Sciences, 0"
Mathematical model of three species food chain with intraspecific competition and harvesting on predator,"M Manaqib, A Zahra","BAREKENG: Jurnal Ilmu Matematika dan Terapan 16 (2), 551-562, 2022"
Aplikasi suku bunga konstan dan suku bunga stokastik dalam perhitungan aktuaria asuransi dwiguna,W Medikasari,"Fakultas Sains dan Teknologi Universitas Islam Negeri Syarif Hidayatullah¬†‚Ä¶, 2020"
Solusi Model Navier Stokes Korteweg dengan Syarat Batas Slip di Half-Space Berdimensi 3,"A Salsabila, S Inna, M Liebenlito, R Purnomowati","MAJAMATH: Jurnal Matematika dan Pendidikan Matematika 7 (1), 24-43, 2024"
SOLUSI MODEL LINEAR NAVIER-STOKES-KORTEWEG DI R_+^ 3 DENGAN SYARAT BATAS SLIP,"J Prayugo, S Inna, M Mahmudi, N Damiati","Jurnal Lebesgue: Jurnal Ilmiah Pendidikan Matematika, Matematika dan¬†‚Ä¶, 2024"
Active learning on Indonesian Twitter sentiment analysis using uncertainty sampling,"M Liebenlito, N Inayah, E Choerunnisa, TE Sutanto, S Inna","Journal of Applied Data Sciences 5 (1), 114-121, 2024"
Studi Empiris Model BERT dan DistilBERT Analisis Sentimen pada Pemilihan Presiden Indonesia,"M Putri, TE Sutanto, S Inna","Indonesian Journal of Computer Science 12 (5), 2023"
ANALISIS REGRESI LOGISTIK ORDINAL TERHADAP FAKTOR-FAKTOR YANG MEMPENGARUHI WAKTU TUNGGU KERJA ALUMNI MATEMATIKA FST UIN SYARIF HIDAYATULLAH JAKARTA,"S Inna, D Mariana, M Mahmudi, M Manaqib","SIGMA 8 (2), 75-83, 2023"
PENGEMBANGAN MUTU PENGELOLAAN PROGRAM STUDI BERBASIS MONITORING ANALYTIC TOOLS,"S Inna, I Fauziah, A Santoso","Jurnal Ilmiah Matematika dan Pendidikan Matematika 14 (2), 145-160, 2022"
Mathematical model of Ebola virus disease through human transmission and bat transmission,"S Suma‚Äôinna, M Manaqib, MA Silvani","AIP Conference Proceedings 2498 (1), 2022"
"Mathematical model of cholera disease through individuals contact, water resources, fly and fish vectors","S Suma‚Äôinna, M Manaqib, N Farhana","AIP Conference Proceedings 2498 (1), 2022"
On the maximal L,"Y Shibata, S Inna",
The existence of R-bounded solution operators of the thermoelastic plate equation with Dirichlet boundary conditions,Suma'inna,"MATHEMATICAL METHODS IN THE APPLIED SCIENCES 41 (4), 1578-1599, 2018"
Maximal Lp-Lq regularity theorem for some initial-boundary value problems appearing in mathematical physics,S Inna,"Waseda University, 2018"
Solusi Analitik Masalah Konduksi Panas pada Tabung,A Rakaiwa,"LOGIK@ 6 (1), 11-22, 2016"
Earthquake periodicity analysis in Indonesia using wavelet,SI Mahmudi,"Far East Journal of Mathematical Sciences (FJMS) 98 (2), 221 - 234, 2015"
Detection of cardiac abnormalities based on ECG pattern recognition using wavelet and artificial neural network,S Inna,"Far East Journal of Mathematical Sciences (FJMS) 76 (1), 111 - 122, 2013"
Operator Solusi Model Fluida Termampatkan Tipe Korteweg Dengan Kondisi Batas Slip di Half-Space Kasus Koefisien,"S Inna, I Fauziah, M Manaqib, PM Putri",
ANALISIS REGRESI LOGISTIK ORDINAL FAKTOR-FAKTOR YANG MEMPENGARUHI WAKTU TUNGGU KERJA ALUMNI,"S Inna, D Mariana, MM Mahmudi",
Kompresi Citra Berwarna Menggunakan Transformasi Wavelet,DA Suma‚Äôinna,"Jurnal Matematika Integratif ISSN 1412, 6184, 0"
Model matematika penyebaran penyakit pulmonary tuberculosis dengan penggunaan masker medis,"N Inayah, M Manaqib, N Fitriyati, I Yupinto","Barekeng: Jurnal Ilmu Matematika dan Terapan 14 (3), 461-472, 2020"
Web Traffic Anomaly Detection using Stacked Long Short-Term Memory,"F Rahman, TE Sutanto, N Fitriyati","InPrime: Indonesian Journal of Pure and Applied Mathematics 3 (2), 112-121, 2021"
Formulation of the body scrub cream containing moringa seed powder (Moringa oleifera) and its examination dermal acute irritation,"AK Savitri, N Fitriyati, AA Mustika","GEOMATE Journal 17 (62), 244-249, 2019"
Fit of the 2011 Indonesian Mortality Table to Gompertz Law and Makeham Law using Maximum Likelihood Estimation,"DA Putra, N Fitriyati, M Mahmudi","InPrime: Indonesian Journal of Pure and Applied Mathematics 1 (2), 68-76, 2019"
Calculation and Management of Premium Funds in Sharia Insurance based on Langevin Type Model of Return on Investment,"K Khotimah, M Mahmudi, N Fitriyati","InPrime: Indonesian Journal of Pure and Applied Mathematics 1 (2), 128-135, 2019"
The Annual Constant Premium and Benefit Reserve for Four Participants in Joint Life Insurance,"N Nadilia, N Fitriyati, I Fauziah","InPrime: Indonesian Journal of Pure and Applied Mathematics 2 (2), 97-104, 2020"
Implementation of the model capacited vehicle routing problem with time windows with a goal programming approach in determining the best route for goods distribution,"W Irawan, M Manaqib, N Fitriyati","Jurnal Matematika, Statistika Dan Komputasi 17 (2), 231-239, 2021"
Classification of falciparum parasite in human red blood cells using randomly wired neural network,"N Inayah, M Liebenlito, N Fitriyati, K Monardo","2020 8th International Conference on Cyber and IT Service Management (CITSM¬†‚Ä¶, 2020"
Estimation Parameter d in Autoregressive Fractionally Integrated Moving Average Model in Predicting Wind Speed,"DI Octaviyani, MY Wijaya, N Fitriyati","InPrime: Indonesian Journal of Pure and Applied Mathematics 1 (2), 110-121, 2019"
A monte carlo simulation study to assess estimation methods in cfa on ordinal data,"N Fitriyati, MY Wijaya","CAUCHY: Jurnal Matematika Murni Dan Aplikasi 7 (3), 332-344, 2022"
Energy Saving Potential Prediction and Anomaly Detection in College Buildings,"N Inayah, MY Wijaya, N Fitriyati","Proceedings of the International Conference on Mathematics and Islam (ICMIs¬†‚Ä¶, 2020"
APLIKASI MODEL GSTAR-I DENGAN PENDEKATAN INVERS MATRIKS AUTOKOVARIANS (IMAk) PADA PRAKIRAAN CURAH HUJAN DI PROVINSI BANTEN,"S Maliska, N Fitriyati","LOGIK@ 7 (1), 73-85, 2017"
Bayesian reservoir simulation,"S Darwis, N Fitriyati, AY Gunawan, R Marwati","2012 International Conference on Statistics in Science, Business and¬†‚Ä¶, 2012"
Forecasting Oil Production Using Kalman Filter,"N Fitriyati, S Darwis, AY Gunawan, AK Permadi","Proceedings Of The Third International Conference On Mathematics and Natural¬†‚Ä¶, 2010"
Allocation of Tabarru's Funds in Endowment Premium,"N Fitriyati, Z Zharifah, DU Zulkifli","ZERO: Jurnal Sains, Matematika dan Terapan 7 (2), 110-116, 2024"
PERBANDINGAN METODE BACKWARD DAN FORWARD PADA SELEKSI MIXED-EFFECTS MODEL: ANALISIS FRAGILE STATE INDEX ASIA TENGGARA,"M Maulina, MY Wijaya, N Fitriyati","Jurnal Lebesgue: Jurnal Ilmiah Pendidikan Matematika, Matematika dan¬†‚Ä¶, 2024"
ANALISIS LAJU PREDIKSI INFLASI DI INDONESIA: PERBANDINGAN MODEL GARCH/ARCH DENGAN LONG SHORT TERM MEMORY,"A Mutiara, N Fitriyati, M Mahmudi","Jurnal Lebesgue: Jurnal Ilmiah Pendidikan Matematika, Matematika dan¬†‚Ä¶, 2024"
"Pengaruh Early Warning System, Return on Asset, dan Return on Equity Terhadap Kinerja Keuangan Perusahaan Asuransi Jiwa Konvensional dan Asuransi Jiwa Syariah","TA Emaras, DU Zulkifli, N Fitriyati","Innovative: Journal Of Social Science Research 4 (1), 1816-1830, 2024"
"PREDIKSI KINERJA KEUANGAN PERUSAHAAN ASURANSI SYARIAH MENGGUNAKAN METODE ARIMA, EXPONENTIAL SMOOTHING, DAN HYBRID","D Apriliani, N Fitriyati, DU Zulkifli","Jurnal Lebesgue: Jurnal Ilmiah Pendidikan Matematika, Matematika dan¬†‚Ä¶, 2023"
ESTIMASI BAYESIAN PADA PARAMETER HUKUM MOTALITA GOMPERTZ MENGGUNAKAN ALGORITMA METROPOLIS-HASTINGS,"Y Eliskar, R Rustam, N Fitriyati, K Saleh","AXIOM: Jurnal Pendidikan dan Matematika 12 (2), 178-188, 2023"
Application Bootstrap to Estimate the Confidence Intervals of NO2 Levels in the Kriging Method,"N Fitriyati, Y Irene, B Azzahra","Jurnal EurekaMatika 11 (2), 121-132, 2023"
"Comparative Study of Data Generation for Normal, Lognormal, and Gamma Distributions using PLS and Usury Models","ZT Handarbeni, I Fauziah, N Fitriyati","Mathline: Jurnal Matematika dan Pendidikan Matematika 8 (4), 1449-1460, 2023"
"Tabarru‚ÄôFund Sharia Insurance Using The 2019 Mortality Table, Mortality Law and Cost of Insurance Method","FS Wulandari, I Fauziah, N Fitriyati","Mathline: Jurnal Matematika dan Pendidikan Matematika 8 (4), 1437-1448, 2023"
Relation Classification in Scientific Article Abstracts using SciBERT with Entity Marker,"N Inayah, M Liebenlito, N Fitriyati, M Manaqib, N Aryanti","2023 11th International Conference on Cyber and IT Service Management (CITSM¬†‚Ä¶, 2023"
Forecasting Indonesian inflation using a hybrid ARIMA-ANFIS,"N Fitriyati, M Mahmudi, MY Wijaya, M Maysun","Desimal: Jurnal Matematika 5 (3), 289-304, 2022"
Forecasting domestic ship passengers in the Makassar Port using feed-forward neural network and SARIMAX,"N Fitriyati, MY Wijaya, MIF Pagri, N Inayah","AIP Conference Proceedings 2641 (1), 2022"
"Variasi spasial dan temporal nilai-b pada gempa bumi di wilayah Sulawesi Tengah, Gorontalo, dan sekitarnya menggunakan metode robust fitting","N Fitriyati, MY Wijaya, MA Bisyri","Majalah Ilmiah Matematika dan Statistika (MIMS) 22 (2), 177-195, 2022"
Detection of Heat Conduction Disturbance in Cylindrical-Shaped Metal Chip using Kalman Filter and Ensemble Kalman Filter,"N Fitriyati, GI Kusuma, I Fauziah","Proceedings of the International Conference on Mathematics and Islam (ICMIs¬†‚Ä¶, 2020"
KLASIFIKASI JENIS PENYAKIT ERYTHEMATO-SQUAMOUS BERDASARKAN CIRI KLINIS DAN HISTOPATOLOGIS MENGGUNAKAN METODE ANALISIS DISKRIMINAN VERTEX,"N Nurmaleni, AP Rahayu, N Fitriyati","LOGIK@ 8 (2), 133-144, 2018"
APLIKASI FILTER KALMAN DAN FILTER ADAPTIF KULLBACK-LEIBLER PADA MODEL OTOREGRESIF ORDO PERTAMA,"H Hamzah, N Fitriyati","LOGIK@ 6 (2), 170-180, 2016"
Reserve estimation,"Sutawanir, AY Gunawan, AK Permadi, N Fitriyati","AIP Conference Proceedings 1589 (1), 436-439, 2014"
Exploring Decline Curve Residual Modeling using Kalman Filter,"N Fitriyati, S Darwis, AY Gunawan, AK Permadi",
EXPLORING EnKF CONVERGENCE FOR LINEAR DYNAMICAL SYSTEM,"N Fitriyati, S Darwis, AY Gunawan, AK Permadi","Advances and Applications in Statistics 32 (2), 151, 2013"
Estimating Oil Reservoir Permeability and Porosity from Two Interacting Wells,"AYG Sutawanir, N Fitriyati, I Fahmi, AS Rini Marwati","Journal of Mathematical and Fundamental Sciences 45 (2), 2013"
Exploring EnKF stability under different type reservoir model,"S Darwis, AY Gunawan, AK Mutaqin, N Fitriyati","AIP Conference Proceedings 1450 (1), 132-134, 2012"
Convergence Visualization of Enkf for Linear Dynamical System,"N Fitriyati, S Darwis, AY Gunawan, AK Permadi","Prosiding Konferensi Nasional Matematika (KNM) 2012, 565-564, 2012"
EnKF Estimation: Comparison of Analytical and Numerical Forecast Step,"N Fitriyati, S Darwis, AY Gunawan, AK Permadi","Far East Journal of Theoretical Statistics 36 (1), 117-128, 2011"
Updating Reservoir Models Using Ensemble Kalman Filter,"S Darwis, AY Gunawan, SRI WAHYUNINGSIH, N SUNUSI, AK Mutaqin, ...","Statistika 10 (1), 2010"
SEQUENTIAL NON-LINEAR MODEL UPDATING,"S Darwis, AY Gunawan, S Wahyuningsih, N Sunusi, AK Mutaqin, ...","Jurnal Mat Stat 10 (2), 160-167, 2010"
Use of Ensemble Kalman Filter for Bounded Reservoir,"S Darwis, AY Gunawan, S Wahyuningsih, N Sunusi, K Mutaqin, N Fitriyati","Pushpa Publishing House, 2010"
Penggunaan algoritma fuzzy simulated annealing dalam optimisasi penjadwalan multi constraint,N FITRIYATI,"Universitas Gadjah Mada, 2004"
"Majalah Ilmiah Matematika dan Statistika 22 (2), 2022, 247‚Äì265","N Fitriyati, MY Wijaya, MA Bisyri",
A Monte Carlo Simulation Study to Assess Estimation Methods in Confimatory Factor Analysis (CFA) on Ordinal Data,"N Fitriyati, MY Wijaya",
Topic modelling pada sosial media twitter terhadap vaksin covid menggunakan metode combined component approach (CCA),"M Liebenlito, N Fitriyati","Fakultas Sains dan Teknologi UIN Syarif HIdayatullah Jakarta, 0"
Alokasi dana tabarru‚Äôpada premi asuransi jiwa dwiguna,"N Fitriyati, DU Zulkifli","Fakultas Sains dan Teknologi UIN Syarif HIdayatullah Jakarta, 0"
Distribusi Weibull-Logistik,N Fitriyati,"Fakultas Sains dan Teknologi UIN Syarif Hidayatullah Jakarta, 0"
Penerapan Jarak Mahalanobis dalam analisis SERVQUAL (Studi Kasus: Mahasiswa Pengunjung Perpustakaan Utama UIN Syarif Hidayatullah Jakarta),"N Fitriyati, B Ruswandi","Fakultas Sains dan Teknologi UIN Syarif Hidayatullah Jakarta, 0"
Prediksi Tingkat Inflasi di Indonesia Menggunakan Hybrid Arima-Anfis,N Fitriyati,"Fakultas Sains dan Teknologi UIN Syarif Hidayatullah Jakarta, 0"
Estimation Parameter in Autoregressive Fractionally Integrated Moving Average Model in Predicting Wind Speed,"DI Octaviyani, MY Wijaya, N Fitriyati",
Peramalan curah hujan ekstrim menggunakan distribusi generalized extreme value Studi Kasus: Intensitas Curah Hujan Kota Semarang Tahun 2001-2012,"N Fitriyati, Y Irene","Fakultas Sains dan Teknologi UIN Syarif Hidayatullah Jakarta, 0"
Prediksi indeks harga konsumen di Kota Denpasar-Bali menggunakan metode adaptive neuro-fuzzy inference system anfis,"N Fitriyati, MY Wijaya","Fakultas Sains dan Teknologi UIN Syarif Hidayatullah Jakarta, 0"
Pengelompokan Negara Berdasarkan Kesamaan Karakteristik Demografi Menggunakan Algoritma Fuzzy C-mean Clustering,"N Fitriyati, M Kom","Fakultas Sains Dan Teknologi, 0"
Prediksi Model Curah Hujan Menggunakan Adaptive Neuro Fuzzy Inference System Di Daerah Serang Banten,"N Fitriyati, M Kom","Jakarta: Fak. Sains Dan Teknologi Uin Syarif Hidayatullah, 2009, 0"
Analisis logika fuzzy dengan metode mamdaani centroid dalam pengaturan lampu lalu lintas pada persimpangan air mancur monas Jakarta Pusat,N Fitriyati,"Jakarta: Fakultas Sains dan Teknologi UIN Syarif Hidayatullah, 2007, 0"
"Model Vector Autoregressive (VAR) untuk pergerakan pesawat, penumpang, bagasi dan kargo: Studi kasus pada PT. Angkasa Pura 11 Bandara Soekarno Hatta Tahun 2007",N Fitriyati,"UIN Syarif Hidayatullah Jakarta: Fakultas Sains dan Teknologi, 2008, 0"
"The estimation of excess mortality during the COVID-19 pandemic in Jakarta, Indonesia",MY Wijaya,"Kesmas: Jurnal Kesehatan Masyarakat Nasional (National Public Health Journal¬†‚Ä¶, 2022"
"World Gold Price Forecast using APARCH, EGARCH and TGARCH Model","Y Irene, MY Wijaya, A Muhayani","InPrime: Indonesian Journal of Pure and Applied Mathematics 2 (2), 71-78, 2020"
Prediction of The Number of Ship Passengers in The Port of Makassar using ARIMAX Method in The Presence of Calender Variation,"LN Farih, I Fauziah, MY Wijaya","InPrime: Indonesian Journal of Pure and Applied Mathematics 1 (1), 57-67, 2019"
Estimation Parameter d in Autoregressive Fractionally Integrated Moving Average Model in Predicting Wind Speed,"DI Octaviyani, MY Wijaya, N Fitriyati","InPrime: Indonesian Journal of Pure and Applied Mathematics 1 (2), 110-121, 2019"
Modified self-attentive bi-directional long-short term memory for detecting clickbait in Indonesian news headline,"M Liebenlito, I Ivansyah, MY Wijaya, RF Suwarman","AIP Conference Proceedings 3049 (1), 2024"
A monte carlo simulation study to assess estimation methods in cfa on ordinal data,"N Fitriyati, MY Wijaya","CAUCHY: Jurnal Matematika Murni Dan Aplikasi 7 (3), 332-344, 2022"
Energy Saving Potential Prediction and Anomaly Detection in College Buildings,"N Inayah, MY Wijaya, N Fitriyati","Proceedings of the International Conference on Mathematics and Islam (ICMIs¬†‚Ä¶, 2020"
Non-linear Mixed Models in a Dose Response Modelling,MY Wijaya,"InPrime: Indonesian Journal of Pure and Applied Mathematics 1 (1), 32-39, 2019"
PENERAPAN CROSS-VALIDATION PADA MODEL EFEK CAMPURAN: DAMPAK FAKTOR EKONOMI DAN KESEHATAN TERHADAP INDEKS KERENTANAN NEGARA-NEGARA DI ASIA TENGGARA,"JN Hanifa, MY Wijaya","Jurnal Lebesgue: Jurnal Ilmiah Pendidikan Matematika, Matematika dan¬†‚Ä¶, 2024"
IMPLEMENTASI ALGORITMA CNN MOBILENET UNTUK KLASIFIKASI GAMBAR SAMPAH DI BANK SAMPAH,"AR Fahcruroji, MY Wijaya, I Fauziah","PROSISKO: Jurnal Pengembangan Riset dan Observasi Sistem Komputer 11 (1), 45-51, 2024"
PERBANDINGAN METODE BACKWARD DAN FORWARD PADA SELEKSI MIXED-EFFECTS MODEL: ANALISIS FRAGILE STATE INDEX ASIA TENGGARA,"M Maulina, MY Wijaya, N Fitriyati","Jurnal Lebesgue: Jurnal Ilmiah Pendidikan Matematika, Matematika dan¬†‚Ä¶, 2024"
Trajectory of life expectancy and its relation with socio-economic indicators among developing countries in Southeast Asian,"MY Wijaya, Y Irene, I Rachadi","Proceedings of The International Conference on Data Science and Official¬†‚Ä¶, 2023"
Multilevel zero inflated and hurdle models for under five-child mortality in Indonesia,MY Wijaya,"Asian Journal of Social Health and Behavior 6 (3), 126-132, 2023"
Forecasting Indonesian inflation using a hybrid ARIMA-ANFIS,"N Fitriyati, M Mahmudi, MY Wijaya, M Maysun","Desimal: Jurnal Matematika 5 (3), 289-304, 2022"
Forecasting domestic ship passengers in the Makassar Port using feed-forward neural network and SARIMAX,"N Fitriyati, MY Wijaya, MIF Pagri, N Inayah","AIP Conference Proceedings 2641 (1), 2022"
Relative Importance Analysis for Psychological Research,MY Wijaya,"JP3I (Jurnal Pengukuran Psikologi dan Pendidikan Indonesia) 10 (1), 12-19, 2021"
A Monte Carlo Simulation Study to Assess Estimation Methods in Confimatory Factor Analysis (CFA) on Ordinal Data,"N Fitriyati, MY Wijaya",
"Majalah Ilmiah Matematika dan Statistika 22 (2), 2022, 177‚Äì195","N Fitriyati, MY Wijaya, MA Bisyri",
"Majalah Ilmiah Matematika dan Statistika 22 (2), 2022, 247‚Äì265","N Fitriyati, MY Wijaya, MA Bisyri",
Estimation Parameter in Autoregressive Fractionally Integrated Moving Average Model in Predicting Wind Speed,"DI Octaviyani, MY Wijaya, N Fitriyati",
Prediksi indeks harga konsumen di Kota Denpasar-Bali menggunakan metode adaptive neuro-fuzzy inference system anfis,"N Fitriyati, MY Wijaya","Fakultas Sains dan Teknologi UIN Syarif Hidayatullah Jakarta, 0"
Modifikasi self-attentive bi-directional long short term memory untuk mendeteksi clickbait pada headline berita berbahasa Indonesia,"M Liebenlito, MY Wijaya","Fakultas Sains dan Teknologi Universitas Islam Negeri Syarif Hidayatullah¬†‚Ä¶, 0"
Perhitungan Cadangan Premi Bersih Tahunan Asuransi Kesehatan Individu Perawatan Rumah Sakit dengan menggunakan Distribusi Eksponensial dan Distribusi Log-Logistik,"I Fauziah, MY Wijaya","Fakultas Sains dan Teknologi Universitas Islam Negeri Syarif Hidayatullah¬†‚Ä¶, 0"
"On (a, d)-H-antimagic coverings of graphs","N Inayah, ANM Salman, R Simanjuntak","Journal of combinatorial mathematics and combinatorial computing 71 (273¬†‚Ä¶, 2009"
"Super (a, d)-H-antimagic total labelings for shackles of a connected graph H.","N Inayah, R Simanjuntak, ANM Salman, KIA Syuhada","Australas. J Comb. 57, 127-138, 2013"
Magic and antimagic H-decompositions,"N Inayah, A Llad√≥, J Moragas","Discrete Mathematics 312 (7), 1367-1371, 2012"
"Pelabelan (a, d)-H-Anti Ajaib pada Beberapa Kelas Graf",N Inayah,"Desertas i Not Publicated. Bandung: Institut Tecnologi Bandung, 2013"
Model matematika penyebaran penyakit pulmonary tuberculosis dengan penggunaan masker medis,"N Inayah, M Manaqib, N Fitriyati, I Yupinto","Barekeng: Jurnal Ilmu Matematika dan Terapan 14 (3), 461-472, 2020"
"Pengantar Kewirausahaan: Mengenal, Memahami, dan Mencintai Dunia Bisnis","N Inayah, AT Nugraha, MIS Musti","Penerbit Andi, 2021"
"Pelabelan (a, d)‚àí H",N Inayah,"Anti Ajaib pada Beberapa Kelas Graf, Disertasi, Institut Teknologi Bandung¬†‚Ä¶, 2013"
Another antimagic decomposition of generalized peterzen graph,"N Inayah, MIS Musti, SN Masyithoh","InPrime: Indonesian Journal of Pure and Applied Mathematics 3 (2), 92-100, 2021"
On super mean labeling for total graph of path and cycle,"N Inayah, IW Sudarsana, S Musdalifah, N Daeng Mangesa","International Journal of Mathematics and Mathematical Sciences 2018, 2018"
The locating chromatic number of book graph,"N Inayah, W Aribowo, MM Windra Yahya","Journal of Mathematics 2021, 1-3, 2021"
Classification of falciparum parasite in human red blood cells using randomly wired neural network,"N Inayah, M Liebenlito, N Fitriyati, K Monardo","2020 8th International Conference on Cyber and IT Service Management (CITSM¬†‚Ä¶, 2020"
Modified Firefly Algorithm using Smallest Position Value for Job-Shop Schedulling Problems,"AW Muhaza Liebenlito, Nur Inayah, Aisyah Nur Rahmah","Proceedings of the International Conference on Mathematics and Islam ICMIS 1¬†‚Ä¶, 2018"
Total Product and Total Edge Product Cordial Labelings of Dragonfly Graph,"N Inayah, A Erfanian, M Korivand","Journal of Mathematics 2022, 2022"
Furrow irrigation infiltration in various soil types using dual reciprocity boundary element method,"N Inayah, M Manaqib, WN Majid","AIP Conference Proceedings 2329 (1), 2021"
Comparative analysis of performance K-nearest neighbor and weighted K-nearest neighbor combined with global encoding in predicting protein-protein interaction human¬†‚Ä¶,"MISM N. Inayah, I. P. P. Lestari","AIP Conference Proceedings, 1-8, 2020"
Comparative analysis of performance K-nearest neighbor and weighted K-nearest neighbor combined with global encoding in predicting protein-protein interaction human¬†‚Ä¶,"MISM N. Inayah, I. P. P. Lestari","AIP Conference Proceedings 2242 (1), 030013, 2020"
Energy Saving Potential Prediction and Anomaly Detection in College Buildings,MYWNF Nur Inayah,"Proceedings of the International Conference on Mathematics and Islam ICMIs 1¬†‚Ä¶, 2018"
"PELABELAN TOTAL (a, d)-C_3-ANTIAJAIB SUPER PADA GRAF ULAR S_n","L Rezekina, N Inayah, Y Irene","LOGIK@ 6 (1), 42-52, 2016"
Active learning on Indonesian Twitter sentiment analysis using uncertainty sampling,"M Liebenlito, N Inayah, E Choerunnisa, TE Sutanto, S Inna","Journal of Applied Data Sciences 5 (1), 114-121, 2024"
"On {0, 1}-distance labeling of 2-regular graphs","AAG Ngurah, N Inayah","AIP Conference Proceedings 2975 (1), 2023"
Relation Classification in Scientific Article Abstracts using SciBERT with Entity Marker,"N Inayah, M Liebenlito, N Fitriyati, M Manaqib, N Aryanti","2023 11th International Conference on Cyber and IT Service Management (CITSM¬†‚Ä¶, 2023"
Forecasting domestic ship passengers in the Makassar Port using feed-forward neural network and SARIMAX,"N Fitriyati, MY Wijaya, MIF Pagri, N Inayah","AIP Conference Proceedings 2641 (1), 2022"
"Mathematics Model of COVID-19 with Two-Stage Vaccination, Symptomatic, Asymptomatic, and Quarantine Individuals","N Inayah, M Manaqib, MF Fadillah","CAUCHY: Jurnal Matematika Murni dan Aplikasi 7 (3), 370-383, 2022"
On H-antimagic coverings for m-shadow and closed m-shadow of connected graphs,"N Inayah, F Susanto, A Semaniƒçov√°-Fe≈àovƒç√≠kov√°","Heliyon 7 (10), 2021"
Research Article The Locating Chromatic Number of Book Graph,"N Inayah, W Aribowo, MMW Yahya",
Relationship magic between antimagic,"N Inayah, ANM Salman, R Simanjuntak, KIA Syuhada","Ars Combinatoria 151, 49-56, 2020"
PERBANDINGAN HASIL KLASIFIKASI JENIS PENYAKIT ERYTHEMATO-SQUAMOUS MENGGUNAKAN ANALISIS DISKRIMINAN FISHER DENGAN PEREDUKSIAN ANALISIS KOMPONEN UTAMA KERNEL LINEAR DAN ANALISIS¬†‚Ä¶,"K Rosa, N Nurmaleni, N Inayah","LOGIK@ 8 (2), 151-165, 2018"
Research Article On Super Mean Labeling for Total Graph of Path and Cycle,"N Inayah, IW Sudarsana, S Musdalifah, ND Mangesa",
"Super (a,d)-cycle-antimagic total labelings for the vertex and edge amalgamation of n copies of isomorphic cycles","RS N. Inayah, A.N.M. Salman","Proceeding 3rd International Conference and Workshop on Basic and Applied¬†‚Ä¶, 2011"
"Penentuan harga opsi tipe eropa menggunakan metode beda hingga eksplisit, implisit, crank-nicolson dan binomial","N Valentika, N Inayah","Fakultas Sains dan Teknologi UIN Syarif Hidayatullah Jakarta, 0"
"Pelabelan Total (ùíÇ, ùíÖ)-ùë™ùüë-Antiajaib Super pada Graf Ular ùíéùë∫ùíè","N Inayah, Y Irene","Fakultas Sains dan Teknologi UIN Syarif Hidayatullah Jakarta, 0"
Analisis cluster terhadap klasifikasi Madrasah Tsanawiyah Wilayah DKI Jakarta Tahun 2007-2008,"H Setiawan, N Inayah","Fakultas Sains dan Teknologi UIN Syarif Hidayatullah Jakarta, 0"
On ùêª-antimagic coverings for ùëö-shadow and closed ùëö-shadow of connected graphs,"N Inayah, F Susanto, A Semanicov√°-Fenovc√≠kov√°",
Klasifikasi interaksi protein Sars-Coronavirus-2 dengan protein MANUSIA menggunakan random forest,"N Inayah, M Liebenlito","Fakultas Sains dan Teknologi Universitas Islam Negeri Syarif Hidayatullah¬†‚Ä¶, 0"
Efektifitas hipahul qur'an dalam meningkatkan prestasi belajar siswa pada mata pelajaran terhadap di Sd almuhin jaksel,N Inayah,"Jakarta: Fakultas Ilmu Tarbiyah dan Keguruan UIN Syarif Hidayatullah, 2014, 0"
Peer Review Paper 9,"N Inayah, S Maryani",
Statistika tanpa stres,"S Abdullah, TE Sutanto","TransMedia, 2015"
E.(2015),"S Abdullah, T Sutanto","Perbandingan Prestasi Belajar Siswa Antara Kurikulum, 360-370, 2013"
ADMRG @ MediaEval 2013 Social Event Detection,"T Sutanto, R Nayak","Proceedings of MediaEval Workshop 2013 1043, 2013"
Fine-grained document clustering via ranking and its application to social media analytics,"T Sutanto, R Nayak","Social Network Analysis and Mining 8 (1), 29, 2018"
The ranking based constrained document clustering method and its application to social event detection,"T Sutanto, R Nayak","Database Systems for Advanced Applications: 19th International Conference¬†‚Ä¶, 2014"
Ranking Based Clustering for Social Event Detection.,"T Sutanto, R Nayak","MediaEval, 2014"
Web Traffic Anomaly Detection using Stacked Long Short-Term Memory,"NF Rahman, Fathu, Taufik Edy Sutanto","Indonesian Journal of Pure and Applied Mathematics 3 (2), 112-121, 2021"
Statistika Tanpa Stres,"TE Sutanto, S Abdullah","Jakarta: TransMedia Pustaka, 2015"
Semi-supervised document clustering via loci,"T Sutanto, R Nayak","Web Information Systems Engineering‚ÄìWISE 2015: 16th International Conference¬†‚Ä¶, 2015"
Model pergerakan tumpahan minyak di perairan selat sunda,"A Salim, TE Sutanto","CAUCHY: Jurnal Matematika Murni dan Aplikasi 3 (2), 99-107, 2014"
Empirical evaluation on discounted Thompson sampling for multi-armed bandit problem with piecewise-stationary Bernoulli arms,"FC Asyuraa, S Abdullah, TE Sutanto","Journal of Physics: Conference Series 1722 (1), 012096, 2021"
Analisis Tweet Politik-Keagamaan pada Hasil Pemilihan Presiden Indonesia tahun 2014 dan 2019: Sebuah Studi Eksploratif,"PD Zain, TE Sutanto, M Liebenlito","Indonesian Journal of Computer Science 13 (1), 2024"
Active learning on Indonesian Twitter sentiment analysis using uncertainty sampling,"M Liebenlito, N Inayah, E Choerunnisa, TE Sutanto, S Inna","Journal of Applied Data Sciences 5 (1), 114-121, 2024"
Efektivitas Variabel Demografi Pengguna Twitter dalam Prediksi Pilpres Indonesia 2014 dan 2019,"MM Effendy, TE Sutanto, M Liebenlito","Indonesian Journal of Computer Science 12 (6), 2023"
Trend analysis of Islamic educational institutions on Indonesian social media in 2018‚Äì2023,"AN Safitri, TE Sutanto, I Fauziah","Jurnal Mantik 7 (3), 2400-2410, 2023"
Studi Empiris Model BERT dan DistilBERT Analisis Sentimen pada Pemilihan Presiden Indonesia,"M Putri, TE Sutanto, S Inna","Indonesian Journal of Computer Science 12 (5), 2023"
Deteksi Kepribadian MBTI pada Diskusi Agama Islam di Twitter Indonesia 2009-2019,"NA Fitri, TE Sutanto, M Liebenlito","Indonesian Journal of Computer Science 12 (5), 2023"
Klasifikasi Usia Berdasarkan Suara Dengan Ekstraksi Ciri Mel Frequency Cepstral Coefficients Menggunakan Support Vector Machine,"M Oktaviani, TE Sutanto, M Mahmudi","Kesatria: Jurnal Penerapan Sistem Informasi (Komputer dan Manajemen) 4 (4¬†‚Ä¶, 2023"
Analisa Pemodelan Topik Berita Daring Menggunakan Semi-Supervised dan Fully Unsupervised Latent Dirichlet Allocation,"KF Nurdin, TE Sutanto, A Santoso","Jurnal Pendidikan Tambusai 7 (2), 8043-8055, 2023"
taudata Kelas 35 administrasi pusat data dalam bidang data besar (big data); layanan bisnis terkait dengan bidang analisa data dan data besar (big data); layanan untuk analisa¬†‚Ä¶,TE Sutanto,"ID Patent IPT2,023,002,053, 2023"
Loci-Based Fast Document Clustering Approximation Via Ranking,TE Sutanto,"ID Patent EC00,202,316,580, 2023"
Module Pembelajaran Analisis Eksplorasi Data,TE Sutanto,"ID Patent EC00,202,316,575, 2023"
Detecting Hot Spots Using GIS Analysis: Case Study of Indonesia's Political Opposition Hashtag,"B Ruswandi, Z Zulkifli, R Raspiani, TE Sutanto","2021 9th International Conference on Cyber and IT Service Management (CITSM¬†‚Ä¶, 2021"
Fast Knowledge Discovery in Social Media Data using Clustering via Ranking,"T Sutanto, R Nayak","2021 9th International Conference on Cyber and IT Service Management (CITSM¬†‚Ä¶, 2021"
Pedoman Statistika Ria dan Festival Sains Data (SATRIA DATA) tahun 2021,"A Djuraidah, ET Astuti, A Efendi, A Abdurakhman, E Widodo, IW Mangku, ...","Pusat Prestasi Nasional, 2021"
Pendahuluan Metode Numerik Menggunakan Python,TE Sutanto,"ID Patent EC00,202,022,009, 2020"
Modul Kuliah Aplikasi Data Mining Dalam Sains Dan Bisnis,TE Sutanto,"ID Patent EC00,202,021,852, 2020"
Program Komputer Python Notebook Untuk Text Mining dan Social Media Analytics,TE Sutanto,"ID Patent EC00,201,811,413, 2018"
Scalable fine-grained document clustering via ranking,TE Sutanto,"Queensland University of Technology, 2017"
Analissi permasalahan kualitas akademis program studi matematika fst uin syarif hidayatullah jakarta menggunakan metode six sigma,TE Sutanto,"Fakultas Sains Dan Teknologi, 2010"
Sistem informasi peningkatan kualitas pendidikan menggunakan pendekatan six sigma,TE Sutanto,"Uin Syarif Hidayatullah. Fakultas Sains Dan Teknologi, 2010"
Identifikasi Barcode Mie Instant Menggunakan Algoritma Backpropagation,TE Sutanto,"Jakarta: Fak. Sains Teknologi Uin Syarif Hidayatullah, 2009, 0"
Kajian algoritma genetika pada persamaan nonlinier,TE Sutanto,"Fakultas Sains dan Teknologi UIN Syarif Hidayatullah Jakarta, 0"
Analisis model lstm dalam peramalan sistem dinamis chaotic persamaan diferensial keuangan,TE Sutanto,"Fakultas Sains dan Teknologi UIN Syarif Hidayatullah Jakarta, 0"
Quality control untuk produksi kertas PT X Paper Products Menggunakan metode Six Sigma,TE Sutanto,"UIN Syarif Hidayatullah Jakarta: Fakultas Sains dan Teknologi UIN Syarif¬†‚Ä¶, 0"
Mathematical model for MERS-COV disease transmission with medical mask usage and vaccination,"M Manaqib, I Fauziah, M Mujiyanti","InPrime: Indonesian Journal of Pure and Applied Mathematics 1 (2), 97-109, 2019"
Model matematika penyebaran COVID-19 dengan penggunaan masker kesehatan dan karantina,"M Manaqib, I Fauziah, E Hartati","Jambura Journal of Biomathematics (JJBM) 2 (2), 68-79, 2021"
"Model matematika penyebaran penyakit coronavirus disease 2019 covid-19 dengan vaksinasi, isolasi mandiri, dan karantina di Rumah Sakit",M Azizah,"Fakultas Sains dan Teknologi UIN Syarif Hidayatullah Jakarta, 2021"
Analysis Infiltration Waters in Various Forms of Irrigation Channels by Using Dual Reciprocity Boundary Element Method,"A Nurhasanah, M Manaqib, I Fauziah","Jurnal Matematika ‚ÄúMANTIK 6, 52-65, 2020"
Prediction of The Number of Ship Passengers in The Port of Makassar using ARIMAX Method in The Presence of Calender Variation,"LN Farih, I Fauziah, MY Wijaya","InPrime: Indonesian Journal of Pure and Applied Mathematics 1 (1), 57-67, 2019"
Evaluasi Premi Polis Last Survivor Pasangan Suami Istri Menggunakan Metode Copula Frank,I Fauziah,"CAUCHY: Jurnal Matematika Murni dan Aplikasi 3 (1), 42-48, 2013"
The Constant Annual Premium and Benefit Reserve for Four Participants in Joint Life Insurance,"N Nadilia, N Fitriyati, I Fauziah","InPrime: Indonesian Journal of Pure and Applied Mathematics 2 (2), 97-104, 2020"
Perhitungan cadangan manfaat asuransi jiwa endowmen semikontinu menggunakan metode full preliminary term,N Amalia,"Fakultas Sains dan Teknologi Universitas Islam Negeri Syarif Hidayatullah¬†‚Ä¶, 2020"
Perhitungan Premi Asuransi Jiwa Dwiguna Pasutri Sebagai Penerapan Pembelajaran Matematika Ekonomi,I Fauziah,"Phenomenon: Jurnal Pendidikan MIPA 3 (1), 99-117, 2013"
"Operator Solusi Model Fluida Termampatkan Tipe Korteweg Dengan Kondisi Batas Slip di Half-Space Kasus Koefisien ((Œº+ ŒΩ)/(2 Œ∫))^ 2-(1/Œ∫)> 0, Œ∫= Œº ŒΩ, Œº‚â† ŒΩ","S Inna, I Fauziah, M Manaqib, PM Putri","Limits: Journal of Mathematics and Its Applications 20 (2), 191-208, 2023"
Pemodelan matematika penyebaran penyakit Middle East Respiratory Syndrome Corona Virus (MERS-CoV) dengan penggunaan masker kesehatan dan vaksinasi,"I Fauziah, M Manaqib","Fakultas Sains dan Teknologi Universitas Islam Negeri Syarif Hidayatullah¬†‚Ä¶, 2020"
Analisis Pengaruh Faktor-Faktor Risiko Penyakit Difteri Terhadap Mortalitas Pasien di Indonesia Tahun 2017 Menggunakan Regresi Zero-Inflated Negative Binomial,A Ekawati,"Fakultas Sains dan Teknologi UIN Syarif Hidayatullah Jakarta, 2019"
"Hubungan Profesionalisme, Motivasi Dan Gaya Kepemimpinan Partisifatif Terhadap Produktivitas Kerja Dosen Menggunakan Metode Generalized Structured Component Analysis (SEM-GSCA)","AD Ristianto, I Fauziah","LOGIK@ 6 (2), 112-130, 2016"
Pencarian solusi pada permasalahan sistem persamaan nonlinier menggunakan metode bat algorithm,T Novian,"Jakarta: Fakultas Sains dan Teknologi UIN Syarif Hidayatullah, 2015, 2015"
"Model Matematika Penyakit Kolera Melalui Kontak Antar Individu, Sumber Air, dan Lalat","M Manaqib, F Irma, BF Apriyanto","Vygotsky: Jurnal Pendidikan Matematika dan Matematika 4 (2), 79-92, 2022"
Perhitungan dan pengelolaan premi asuransi jiwa syariah mix model (mudharabah-wakalah),A Khairiah,"Fakultas Sains dan Teknologi Universitas Islam Negeri Syarif Hidayatullah¬†‚Ä¶, 2020"
"Penentuan pembiayaan dana pensiun dengan metode attained age normal, projected unit credit dan entry age normal",MR Rivanda,"Fakultas Sains dan Teknologi Universitas Islam Negeri Syarif Hidayatullah¬†‚Ä¶, 2019"
"Model Matematis Dari Penyebaran Penyakit Kolera Melalui Kontak Antar Individu, Sumber Air, Dan Lalat",BF Apriyanto,"Fakultas Sains dan Teknologi UIN Syarif Hidayatullah Jakarta, 2017"
Penerapan model arfima (autoregressive fractionally integrated moving average) dalam prakiraan data suku bunga puab (pasar uang antar bank),D Hartini,"Fakultas Sains Dan Teknologi Universitas Islam Negeri Syarif Hidayatullah¬†‚Ä¶, 2016"
Analisis positioning program studi matematika FST berdasarkan minat mahasiswa UIN Syarif Hidayatullah Jakarta,E Martini,"Jakarta: Fakultas Sains dan Teknologi UIN Syarif Hidayatullah, 2015, 2015"
Estimasi cadangan klaim menggunakan metode bornhuetter-ferguson studi kasus: data workers‚Äô compensation Periode 2010-2019,TA Mulyaningrum,"Fakultas Sains dan Teknologi UIN Syarif Hidayatullah Jakarta, 0"
IMPLEMENTASI ALGORITMA CNN MOBILENET UNTUK KLASIFIKASI GAMBAR SAMPAH DI BANK SAMPAH,"AR Fahcruroji, MY Wijaya, I Fauziah","PROSISKO: Jurnal Pengembangan Riset dan Observasi Sistem Komputer 11 (1), 45-51, 2024"
"Comparative Study of Data Generation for Normal, Lognormal, and Gamma Distributions using PLS and Usury Models","ZT Handarbeni, I Fauziah, N Fitriyati","Mathline: Jurnal Matematika dan Pendidikan Matematika 8 (4), 1449-1460, 2023"
"Tabarru‚ÄôFund Sharia Insurance Using The 2019 Mortality Table, Mortality Law and Cost of Insurance Method","FS Wulandari, I Fauziah, N Fitriyati","Mathline: Jurnal Matematika dan Pendidikan Matematika 8 (4), 1437-1448, 2023"
PENGEMBANGAN MUTU PENGELOLAAN PROGRAM STUDI BERBASIS MONITORING ANALYTIC TOOLS,"S Inna, I Fauziah, A Santoso","Jurnal Ilmiah Matematika dan Pendidikan Matematika 14 (2), 145-160, 2022"
MODEL MATEMATIKA TRANSMISI HUMAN PAPILLOMAVIRUS (HPV) PADA PENYAKIT KANKER SERVIKS,"M Manaqib, I Fauziah, WT Asih","Jurnal Matematika UNAND 11 (4), 230-245, 2022"
Detection of Heat Conduction Disturbance in Cylindrical-Shaped Metal Chip using Kalman Filter and Ensemble Kalman Filter,"N Fitriyati, GI Kusuma, I Fauziah",
PREMI TUNGGAL BERSIH ASURANSI KESEHATAN DARI PENYAKIT INFEKSI DENGAN MODEL PENYEBARAN SUSPECTED-INFECTED-REMOVED (SIR),"J Apriyanto, I Fauziah","LOGIK@ 8 (1), 60-68, 2018"
Modifikasi angka klaim frasier pada polis asuransi jiwa survivorship,I FAUZIAH,"Universitas Gadjah Mada, 2008"
Operator Solusi Model Fluida Termampatkan Tipe Korteweg Dengan Kondisi Batas Slip di Half-Space Kasus Koefisien,"S Inna, I Fauziah, M Manaqib, PM Putri",
Penerapan Metode Ujevic untuk Menyelesaikan Persamaan Nonlinear,I Fauziah,"Fakultas Sains dan Teknologi UIN Syarif Hidayatullah Jakarta, 0"
Penyelesaian masalah infiltrasi air dalam berbagai bentuk saluran irigasi alur menggunakan dual reciprocity boundary element method,A Nurhasanah,"Fakultas Sains dan Teknologi UIN Syarif Hidayatullah Jakarta, 0"
Analisis value at risk menggunakan pendekatan threshold generalized autoregressive conditional heteroscedasticity dan generalized pareto distribution (studi kasus: harga¬†‚Ä¶,A Ariwibowo,"Fakultas Sains dan Teknologi Universitas Islam Negeri Syarif Hidayatullah¬†‚Ä¶, 0"
Model matematika rantai makanan tiga spesies dengan persaingan intraspesifik dan pemanenan pada predator,A Zahra,"Fakultas Sains dan Teknologi Universitas Islam Negeri Syarif Hidayatullah¬†‚Ä¶, 0"
Penentuan premi tahunan konstan dan cadangan benefit untuk empat orang dalam asuransi jiwa gabungan,N Nadilia,"Fakultas Sains dan Teknologi Universitas Islam Negeri Syarif Hidayatullah¬†‚Ä¶, 0"
Kajian Keluarga Copula Archimedean,SZ Salsabila,"Fakultas Sains dan Teknologi UIN Syarif Hidayatullah Jakarta, 0"
"Perbandingan modifikasi cadangan premi menggunakan metode new jersey, full preliminary term, dan illionis untuk asuransi Pendidikan",F Yassar,"Perpustakaan Fakultas Sains dan Teknologi UIN Jakarta, 0"
Penerapan Model Periodic Autoregressive Moving Average (Parma) Dalam Prakiraan Data Kelembaban Udara Di Kabupaten Banyuwangi,SL Fusha,"Fakultas Sains dan Teknologi UIN Syarif Hidayatullah Jakarta, 0"
Penentuan kerugian nilai aset dana pensiun dengan metode exponential smoothing pada nilai aset dana pensiun (studi kasus: gaji karyawati PT. xxx Surabaya),AN Sholikhah,"Fakultas Sains dan Teknologi Universitas Islam Negeri Syarif Hidayatullah¬†‚Ä¶, 0"
Pcrbandingan Prakiraan Ret11r11 Kurs Dolar Australia tcrhadap Rupiah mcnggunakan Model Expo11e11tial GARCH dcngan Model Tltresltold GARCH dalam Pcriodc Bulanan dari Januari¬†‚Ä¶,NF Laila,"Fakultas Sains dan Teknologi UIN Syarif Hidayatullah Jakarta, 0"
Analisis Kestabilan Mangsa Pemangsa Di Lingkungan Beracun,PS Kinasih,"Fakultas Sains dan Teknologi UIN Syarif Hidayatullah Jakarta, 0"
Penerapan harmony search algorithm untuk Menyelesaikan permainan su-doku,MSW Broto,"Fakultas Sains Dan Teknologi Universitas Islam Negeri Syarif Hidayatullah¬†‚Ä¶, 0"
Prakiraan Total Keberangkatan Penumpang Kapal Menggunakan Metode Arimax dengan Efek Variasi Kalender Studi Kasus: pelabuhan utama makasar,LN Farih,"Fakultas Sains dan Teknologi UIN Syarif Hidayatullah Jakarta, 0"
Model matematika transmisi human papillomavirus hpv pada penyakit kanker serviks,WT Asih,"Fakultas Sains dan Teknologi UIN Syarif Hidayatullah Jakarta, 0"
"Pengelolaan Asuransi Syariah pada Beberapa Merek Kendaraan Sport 150cc (Merek Honda, Yamaha, dan Suzuki)",RIP Putri,"Fakultas Sains dan Teknologi UIN Syarif Hidayatullah Jakarta, 0"
Perhitungan dana pensiun dipercepat dengan metode individual level premium dan metode projected unit credit,M Ichsan,"Fakultas Sains dan Teknologi Universitas Islam Negeri Syarif Hidayatullah¬†‚Ä¶, 0"
Perhitungan premi tahunan asuransi jiwa keluarga,I Fauziah,"Fakultas Sains dan Teknologi UIN Syarif Hidayatullah Jakarta, 0"
Model matematika penyebaran penyakit Covid-19 dengan penggunaan masker kesehatan dan karantina,"I Fauziah, M Manaqib","Fakultas Sains dan Teknologi Universitas Islam Negeri Syarif Hidayatullah¬†‚Ä¶, 0"
Perhitungan Cadangan Premi Bersih Tahunan Asuransi Kesehatan Individu Perawatan Rumah Sakit dengan menggunakan Distribusi Eksponensial dan Distribusi Log-Logistik,"I Fauziah, MY Wijaya","Fakultas Sains dan Teknologi Universitas Islam Negeri Syarif Hidayatullah¬†‚Ä¶, 0"
Performance of rotation forest ensemble classifier and feature extractor in predicting protein interactions using amino acid sequences,"PPTDL Alhadi Bustamam, Mohamad I. S. Musti, Susilo Hartomo, Shirley Aprilia","BMC Genomics 20, 950, 2019"
"Pengantar Kewirausahaan: Mengenal, Memahami, dan Mencintai Dunia Bisnis","N Inayah, AT Nugraha, MIS Musti","Penerbit Andi, 2021"
Sequence-based prediction of protein-protein interactions using ensemble based classifier combined with global encoding in HIV (human immunodeficiency virus),"D Lestari, MIS Musti, A Bustamam","AIP conference proceedings 2023 (1), 2018"
Another antimagic decomposition of generalized peterzen graph,"N Inayah, MIS Musti, SN Masyithoh","InPrime: Indonesian Journal of Pure and Applied Mathematics 3 (2), 92-100, 2021"
Comparative analysis of performance K-nearest neighbor and weighted K-nearest neighbor combined with global encoding in predicting protein-protein interaction human¬†‚Ä¶,"N Inayah, IPP Lestari, MIS Musti","AIP Conference Proceedings 2242 (1), 2020"
Implementasi extreme learning machine dalam prediksi interaksi protein HIV-1 dengan manusia berdasarkan barisan asam amino,W Rahmawati,"Fakultas Sains dan Teknologi Universitas Islam Negeri Syarif Hidayatullah¬†‚Ä¶, 2020"
Prediksi interaksi protein hiv-1 dengan manusia berdasarkan barisan asam amino menggunakan k-nearest neighbor dan weighted k-nearest neighbor,IPP Lestari,"Fakultas Sains dan Teknologi UIN Syarif Hidayatullah Jakarta, 2019"
Analisis sistem rekomendasi data rating airbnb menggunakan inisialisasi non-negative double singular value decomposition pada metode non-negative matrix factorization,RN Sakinah,"Fakultas Sains dan Teknologi Universitas Islam Negeri Syarif Hidayatullah¬†‚Ä¶, 2020"
Bilangan Dominasi Sisi Pada Graf Antiprisma (APn),WNF Qomariyah,"Fakultas Sains Dan Teknilogi UIN Syarif Hidayatullah Jakarta, 2019"
Deteksi fake follower instagram menggunakan catboost classifer,NK Dewi,"Fakultas Sains Dan Teknologi UIN Syarif Hidayatullah Jakarta, 0"
"Dekomposisi (ùíÇ, ùíÖ)‚àí ùë∑ùüí‚àí antiajaib pada graf generalized petersen ùëÆùë∑ (ùíè, ùüë)",SN Masyitoh,"Fakultas Sains dan Teknologi Universitas Islam Negeri Syarif Hidayatullah¬†‚Ä¶, 0"
SURVIVAL ANALYSIS OF THE FIRST JOB WAITING TIME FOR GRADUATES USING THE COX PROPORTIONAL HAZARD MODEL BASED ON THE MAXIMUM LIKELIHOOD ESTIMATION PRINCIPLE: SURVIVAL ANALYSIS OF¬†‚Ä¶,"DU Zulkifli, K Parmikanti, B Ruswandi","Fraction: Jurnal Teori dan Terapan Matematika 2 (2), 74-82, 2022"
"Perbandingan Deteksi Alzheimer: ViT, CNN dan ViT dengan Bobot pada Citra Medis","AN Salsabila, M Liebenlito, DU Zulkifli","Indonesian Journal of Computer Science 13 (1), 2024"
Allocation of Tabarru's Funds in Endowment Premium,"N Fitriyati, Z Zharifah, DU Zulkifli","ZERO: Jurnal Sains, Matematika dan Terapan 7 (2), 110-116, 2024"
"Pengaruh Early Warning System, Return on Asset, dan Return on Equity Terhadap Kinerja Keuangan Perusahaan Asuransi Jiwa Konvensional dan Asuransi Jiwa Syariah","TA Emaras, DU Zulkifli, N Fitriyati","Innovative: Journal Of Social Science Research 4 (1), 1816-1830, 2024"
"PREDIKSI KINERJA KEUANGAN PERUSAHAAN ASURANSI SYARIAH MENGGUNAKAN METODE ARIMA, EXPONENTIAL SMOOTHING, DAN HYBRID","D Apriliani, N Fitriyati, DU Zulkifli","Jurnal Lebesgue: Jurnal Ilmiah Pendidikan Matematika, Matematika dan¬†‚Ä¶, 2023"
MATHEMATICAL MODEL OF MEASLES DISEASE SPREAD WITH TWO-DOSE VACCINATION AND TREATMENT,"M Manaqib, AK Yuliawati, DU Zulkifli","Journal of Fundamental Mathematics and Applications (JFMA) 6 (2), 209-223, 2023"
Analyzing the Phenomenon of Information and Communication Technology on Online Religious Engagement Among Indonesian Muslim Adolescents,"Zulkifli, M Fahri, Nuraeni, DU Zulkifli","2023 11th International Conference on Cyber and IT Service Management (CITSM¬†‚Ä¶, 2023"
"Navigating Post-Covid-19 Learning: Assessing Curriculum, Facilities, and Human Resource Developments and Challenges","B Ruswandi, F Fatihunnada, DU Zulkifli, MI Zainudeen","Al-Tanzim: Jurnal Manajemen Pendidikan Islam, 2023"
Strategi Pondok Pesantren NU di Kabupaten Bekasi dalam Menjalankan Pendidikan di Masa Pandemi COVID 19,"B Ruswandi, DU Zulkifli, E Wellianda",
Alokasi dana tabarru‚Äôpada premi asuransi jiwa dwiguna,"N Fitriyati, DU Zulkifli","Fakultas Sains dan Teknologi UIN Syarif HIdayatullah Jakarta, 0"